"Step","workerpool1-5-DR6-LR0-R6 - Training/epoch_p_nohist"
"203","{""values"":[0,0,0,0,0,0,0,0,0,0,0,0,0,0,0,0,54,0,0,0,0,0,0,0,0,0,0,0,0,0,0,0],""_type"":""histogram"",""bins"":[-0.48148149251937866,-0.45023149251937866,-0.41898149251937866,-0.38773149251937866,-0.35648149251937866,-0.32523149251937866,-0.29398149251937866,-0.26273149251937866,-0.23148149251937866,-0.20023149251937866,-0.16898149251937866,-0.13773149251937866,-0.10648149251937866,-0.07523149251937866,-0.04398149251937866,-0.012731492519378662,0.018518507480621338,0.04976850748062134,0.08101850748062134,0.11226850748062134,0.14351850748062134,0.17476850748062134,0.20601850748062134,0.23726850748062134,0.26851850748062134,0.29976850748062134,0.33101850748062134,0.36226850748062134,0.39351850748062134,0.42476850748062134,0.45601850748062134,0.48726850748062134,0.5185185074806213]}"
"237","{""_type"":""histogram"",""values"":[41,0,0,0,0,0,0,0,0,0,0,0,0,0,0,0,0,0,0,0,0,0,0,0,0,0,0,0,0,0,0,13],""bins"":[0.01779842935502529,0.01789190247654915,0.017985375598073006,0.018078848719596863,0.01817232184112072,0.018265794962644577,0.018359268084168434,0.01845274120569229,0.01854621432721615,0.018639687448740005,0.018733160570263863,0.01882663369178772,0.018920106813311577,0.019013579934835434,0.01910705305635929,0.019200526177883148,0.019293999299407005,0.019387472420930862,0.01948094554245472,0.019574418663978577,0.019667891785502434,0.01976136490702629,0.019854838028550148,0.019948311150074005,0.020041784271597862,0.02013525739312172,0.020228730514645576,0.020322203636169434,0.02041567675769329,0.020509149879217148,0.020602623000741005,0.020696096122264862,0.02078956924378872]}"
"271","{""_type"":""histogram"",""values"":[38,0,0,0,0,0,0,0,0,0,0,0,0,0,0,0,0,0,0,0,0,15,0,0,0,0,0,0,0,0,0,1],""bins"":[0.017711088061332703,0.017834694415796548,0.017958300770260394,0.01808190712472424,0.018205513479188085,0.01832911983365193,0.018452726188115776,0.01857633254257962,0.018699938897043467,0.018823545251507312,0.018947151605971158,0.019070757960435003,0.01919436431489885,0.019317970669362694,0.01944157702382654,0.019565183378290385,0.01968878973275423,0.019812396087218076,0.01993600244168192,0.020059608796145767,0.020183215150609612,0.020306821505073458,0.020430427859537303,0.02055403421400115,0.020677640568464994,0.02080124692292884,0.020924853277392685,0.02104845963185653,0.021172065986320376,0.021295672340784222,0.021419278695248067,0.021542885049711913,0.02166649140417576]}"
"305","{""_type"":""histogram"",""bins"":[0.018125874921679497,0.01820869743824005,0.018291521817445755,0.01837434433400631,0.018457168713212013,0.018539991229772568,0.018622813746333122,0.018705638125538826,0.01878846064209938,0.018871285021305084,0.01895410753786564,0.019036930054426193,0.019119754433631897,0.01920257695019245,0.019285401329398155,0.01936822384595871,0.019451048225164413,0.019533870741724968,0.019616693258285522,0.019699517637491226,0.01978234015405178,0.019865164533257484,0.01994798704981804,0.020030809566378593,0.020113633945584297,0.02019645646214485,0.020279280841350555,0.02036210335791111,0.020444925874471664,0.020527750253677368,0.020610572770237923,0.020693397149443626,0.02077621966600418],""values"":[46,0,0,0,0,0,0,0,0,0,0,0,0,0,0,0,0,0,0,0,0,0,0,0,0,0,0,0,0,0,0,8]}"
"339","{""bins"":[0.017741329967975616,0.017828764393925667,0.017916196957230568,0.01800363138318062,0.01809106394648552,0.01817849837243557,0.01826593279838562,0.01835336536169052,0.01844079978764057,0.018528232350945473,0.018615666776895523,0.018703101202845573,0.018790533766150475,0.018877968192100525,0.018965400755405426,0.019052835181355476,0.019140269607305527,0.019227702170610428,0.019315136596560478,0.01940256915986538,0.01949000358581543,0.01957743614912033,0.01966487057507038,0.01975230500102043,0.019839737564325333,0.019927171990275383,0.020014604553580284,0.020102038979530334,0.020189473405480385,0.020276905968785286,0.020364340394735336,0.020451772958040237,0.020539207383990288],""values"":[39,0,0,0,0,0,0,0,0,0,0,0,0,0,0,0,0,0,0,0,0,0,0,0,0,0,0,0,0,0,0,15],""_type"":""histogram""}"
"373","{""values"":[42,0,0,0,0,0,0,0,0,0,0,0,0,0,0,0,0,0,0,0,0,10,0,0,0,0,0,0,0,0,0,2],""_type"":""histogram"",""bins"":[0.01788450963795185,0.018006089085247368,0.018127668532542884,0.0182492479798384,0.018370827427133918,0.018492406874429435,0.01861398632172495,0.018735565769020468,0.018857145216315985,0.0189787246636115,0.019100304110907018,0.019221883558202535,0.01934346300549805,0.01946504245279357,0.019586621900089085,0.019708201347384602,0.01982978079468012,0.019951360241975635,0.020072939689271152,0.02019451913656667,0.020316098583862185,0.020437678031157702,0.02055925747845322,0.020680836925748736,0.020802416373044252,0.02092399582033977,0.021045575267635286,0.021167154714930803,0.02128873416222632,0.021410313609521836,0.021531893056817353,0.02165347250411287,0.021775051951408386]}"
"407","{""values"":[40,0,0,0,0,0,0,0,0,0,0,0,0,0,0,0,0,0,0,12,0,0,0,0,0,0,0,0,1,0,0,1],""_type"":""histogram"",""bins"":[0.01776588149368763,0.01790313277160749,0.018040384049527347,0.018177635327447206,0.018314886605367064,0.018452137883286923,0.018589389161206782,0.01872664043912664,0.0188638917170465,0.019001142994966358,0.019138394272886217,0.019275645550806075,0.019412896828725934,0.019550148106645793,0.01968739938456565,0.01982465066248551,0.01996190194040537,0.020099153218325227,0.020236404496245086,0.020373655774164945,0.020510907052084804,0.020648158330004662,0.02078540960792452,0.02092266088584438,0.02105991216376424,0.021197163441684097,0.021334414719603956,0.021471665997523814,0.021608917275443673,0.021746168553363532,0.02188341983128339,0.02202067110920325,0.022157922387123108]}"
"441","{""values"":[37,0,0,0,0,0,0,0,0,0,0,0,0,0,0,0,0,0,0,0,0,0,14,0,0,0,0,0,0,0,0,3],""_type"":""histogram"",""bins"":[0.017627466470003128,0.017746474128216505,0.017865481786429882,0.01798448944464326,0.018103497102856636,0.018222504761070013,0.01834151241928339,0.018460520077496767,0.018579527735710144,0.01869853539392352,0.018817543052136898,0.018936550710350275,0.019055558368563652,0.01917456602677703,0.019293573684990406,0.019412581343203783,0.01953158900141716,0.019650596659630537,0.019769604317843914,0.01988861197605729,0.020007619634270668,0.020126627292484045,0.020245634950697422,0.0203646426089108,0.020483650267124176,0.020602657925337553,0.02072166558355093,0.020840673241764307,0.020959680899977684,0.02107868855819106,0.021197696216404438,0.021316703874617815,0.021435711532831192]}"
"475","{""_type"":""histogram"",""values"":[34,0,0,0,0,0,0,0,0,0,0,0,0,0,0,0,0,0,0,0,0,0,17,0,0,0,0,0,0,0,0,3],""bins"":[0.017515774816274643,0.017630896996706724,0.017746019177138805,0.017861141357570887,0.017976263538002968,0.01809138571843505,0.01820650789886713,0.01832163007929921,0.018436752259731293,0.018551874440163374,0.018666996620595455,0.018782118801027536,0.018897240981459618,0.0190123631618917,0.01912748534232378,0.01924260752275586,0.019357729703187943,0.019472851883620024,0.019587974064052105,0.019703096244484186,0.019818218424916267,0.01993334060534835,0.02004846278578043,0.02016358496621251,0.020278707146644592,0.020393829327076674,0.020508951507508755,0.020624073687940836,0.020739195868372917,0.020854318048805,0.02096944022923708,0.02108456240966916,0.021199684590101242]}"
"509","{""values"":[41,0,0,0,0,0,0,0,0,0,0,0,0,0,0,0,0,0,0,0,0,0,10,0,0,0,0,0,0,0,0,3],""_type"":""histogram"",""bins"":[0.017845161259174347,0.017959894728846848,0.01807462819851935,0.01818936166819185,0.01830409513786435,0.018418828607536852,0.018533562077209353,0.018648295546881855,0.018763029016554356,0.018877762486226857,0.018992495955899358,0.01910722942557186,0.01922196289524436,0.01933669636491686,0.019451429834589362,0.019566163304261863,0.019680896773934364,0.019795630243606865,0.019910363713279366,0.020025097182951868,0.02013983065262437,0.02025456412229687,0.02036929759196937,0.020484031061641872,0.020598764531314373,0.020713498000986874,0.020828231470659375,0.020942964940331876,0.021057698410004377,0.02117243187967688,0.02128716534934938,0.02140189881902188,0.02151663228869438]}"
"543","{""values"":[42,0,0,0,0,0,0,0,0,0,0,0,0,0,0,0,0,0,0,0,0,0,11,0,0,0,0,0,0,0,0,1],""_type"":""histogram"",""bins"":[0.0178994070738554,0.01801877241814509,0.01813813776243478,0.01825750310672447,0.01837686845101416,0.01849623379530385,0.01861559913959354,0.018734964483883232,0.018854329828172922,0.018973695172462612,0.019093060516752303,0.019212425861041993,0.019331791205331683,0.019451156549621373,0.019570521893911064,0.019689887238200754,0.019809252582490444,0.019928617926780134,0.020047983271069825,0.020167348615359515,0.020286713959649205,0.020406079303938895,0.020525444648228586,0.020644809992518276,0.020764175336807966,0.020883540681097656,0.021002906025387347,0.021122271369677037,0.021241636713966727,0.021361002058256418,0.021480367402546108,0.021599732746835798,0.02171909809112549]}"
"577","{""values"":[43,0,0,0,0,0,0,0,0,0,0,0,0,0,0,0,0,0,0,0,0,0,10,0,0,0,0,0,0,0,0,1],""_type"":""histogram"",""bins"":[0.0179415512830019,0.01806403894443065,0.0181865266058594,0.01830901426728815,0.018431501928716898,0.018553989590145648,0.018676477251574397,0.018798964913003147,0.018921452574431896,0.019043940235860646,0.019166427897289395,0.019288915558718145,0.019411403220146894,0.019533890881575644,0.019656378543004394,0.019778866204433143,0.019901353865861893,0.020023841527290642,0.020146329188719392,0.02026881685014814,0.02039130451157689,0.02051379217300564,0.02063627983443439,0.02075876749586314,0.02088125515729189,0.02100374281872064,0.02112623048014939,0.021248718141578138,0.021371205803006887,0.021493693464435637,0.021616181125864387,0.021738668787293136,0.021861156448721886]}"
"611","{""values"":[34,0,0,0,0,0,0,0,0,0,0,0,0,0,0,0,0,0,0,0,0,0,19,0,0,0,0,0,0,0,0,1],""_type"":""histogram"",""bins"":[0.017505953088402748,0.01762645156122744,0.017746950034052134,0.017867448506876826,0.01798794697970152,0.018108445452526212,0.018228943925350904,0.018349442398175597,0.01846994087100029,0.018590439343824983,0.018710937816649675,0.018831436289474368,0.01895193476229906,0.019072433235123754,0.019192931707948446,0.01931343018077314,0.01943392865359783,0.019554427126422524,0.019674925599247217,0.01979542407207191,0.019915922544896603,0.020036421017721295,0.020156919490545988,0.02027741796337068,0.020397916436195374,0.020518414909020066,0.02063891338184476,0.02075941185466945,0.020879910327494144,0.021000408800318837,0.02112090727314353,0.021241405745968223,0.021361904218792915]}"
"645","{""values"":[40,0,0,0,0,0,0,0,0,0,0,0,0,0,0,0,0,0,0,0,0,10,0,0,0,0,0,0,0,0,0,4],""_type"":""histogram"",""bins"":[0.01777554862201214,0.01789178908802569,0.01800802955403924,0.01812427002005279,0.01824051048606634,0.018356750952079892,0.018472991418093443,0.018589231884106994,0.018705472350120544,0.018821712816134095,0.018937953282147646,0.019054193748161197,0.019170434214174747,0.019286674680188298,0.01940291514620185,0.0195191556122154,0.01963539607822895,0.0197516365442425,0.019867877010256052,0.019984117476269603,0.020100357942283154,0.020216598408296704,0.020332838874310255,0.020449079340323806,0.020565319806337357,0.020681560272350907,0.020797800738364458,0.02091404120437801,0.02103028167039156,0.02114652213640511,0.02126276260241866,0.021379003068432212,0.021495243534445763]}"
"679","{""_type"":""histogram"",""values"":[40,0,0,0,0,0,0,0,0,0,0,0,0,0,0,0,0,0,0,0,0,0,12,0,0,0,0,0,0,0,0,2],""bins"":[0.017790677025914192,0.01790843397611752,0.01802619092632085,0.01814394787652418,0.01826170482672751,0.01837946177693084,0.018497218727134168,0.018614975677337497,0.018732732627540827,0.018850489577744156,0.018968246527947485,0.019086003478150815,0.019203760428354144,0.019321517378557473,0.019439274328760803,0.019557031278964132,0.01967478822916746,0.01979254517937079,0.01991030212957412,0.02002805907977745,0.02014581602998078,0.020263572980184108,0.020381329930387437,0.020499086880590767,0.020616843830794096,0.020734600780997425,0.020852357731200755,0.020970114681404084,0.021087871631607413,0.021205628581810743,0.021323385532014072,0.0214411424822174,0.02155889943242073]}"
"713","{""bins"":[0.017878307029604912,0.017961410805583,0.018044516444206238,0.018127620220184326,0.018210723996162415,0.018293829634785652,0.01837693341076374,0.01846003718674183,0.018543142825365067,0.018626246601343155,0.018709350377321243,0.01879245601594448,0.01887555979192257,0.018958663567900658,0.019041769206523895,0.019124872982501984,0.019207976758480072,0.01929108239710331,0.019374186173081398,0.019457291811704636,0.019540395587682724,0.019623499363660812,0.01970660500228405,0.01978970877826214,0.019872812554240227,0.019955918192863464,0.020039021968841553,0.02012212574481964,0.02020523138344288,0.020288335159420967,0.020371438935399055,0.020454544574022293,0.02053764835000038],""values"":[41,0,0,0,0,0,0,0,0,0,0,0,0,0,0,0,0,0,0,0,0,0,0,0,0,0,0,0,0,0,0,13],""_type"":""histogram""}"
"747","{""values"":[41,0,0,0,0,0,0,0,0,0,0,0,0,0,0,0,0,0,0,0,0,0,10,0,0,0,0,0,0,0,0,3],""_type"":""histogram"",""bins"":[0.01780238375067711,0.017923696781508625,0.01804500981234014,0.018166322843171656,0.018287635874003172,0.018408948904834688,0.018530261935666203,0.01865157496649772,0.018772887997329235,0.01889420102816075,0.019015514058992267,0.019136827089823782,0.019258140120655298,0.019379453151486814,0.01950076618231833,0.019622079213149846,0.01974339224398136,0.019864705274812877,0.019986018305644393,0.02010733133647591,0.020228644367307425,0.02034995739813894,0.020471270428970456,0.020592583459801972,0.020713896490633488,0.020835209521465003,0.02095652255229652,0.021077835583128035,0.02119914861395955,0.021320461644791067,0.021441774675622582,0.021563087706454098,0.021684400737285614]}"
"781","{""values"":[44,0,0,0,0,0,0,0,0,0,0,0,0,0,0,0,0,0,0,0,0,0,7,0,0,0,0,0,0,0,0,3],""_type"":""histogram"",""bins"":[0.017953643575310707,0.01807539549190551,0.018197147408500314,0.018318899325095117,0.01844065124168992,0.018562403158284724,0.018684155074879527,0.01880590699147433,0.018927658908069134,0.019049410824663937,0.01917116274125874,0.019292914657853544,0.019414666574448347,0.01953641849104315,0.019658170407637954,0.019779922324232757,0.01990167424082756,0.020023426157422364,0.020145178074017167,0.02026692999061197,0.020388681907206774,0.020510433823801577,0.02063218574039638,0.020753937656991184,0.020875689573585987,0.02099744149018079,0.021119193406775594,0.021240945323370397,0.0213626972399652,0.021484449156560004,0.021606201073154807,0.02172795298974961,0.021849704906344414]}"
"815","{""bins"":[0.017909465357661247,0.017995113506913185,0.018080761656165123,0.01816640980541706,0.018252057954669,0.018337706103920937,0.018423354253172874,0.018509002402424812,0.01859465055167675,0.018680298700928688,0.018765946850180626,0.018851594999432564,0.0189372431486845,0.01902289129793644,0.019108539447188377,0.019194187596440315,0.019279833883047104,0.019365482032299042,0.01945113018155098,0.019536778330802917,0.019622426480054855,0.019708074629306793,0.01979372277855873,0.01987937092781067,0.019965019077062607,0.020050667226314545,0.020136315375566483,0.02022196352481842,0.02030761167407036,0.020393259823322296,0.020478907972574234,0.020564556121826172,0.02065020427107811],""values"":[42,0,0,0,0,0,0,0,0,0,0,0,0,0,0,0,0,0,0,0,0,0,0,0,0,0,0,0,0,0,0,12],""_type"":""histogram""}"
"849","{""values"":[37,0,0,0,0,0,0,0,0,0,0,0,0,0,0,0,0,0,0,0,0,0,14,0,0,0,0,0,0,0,0,3],""_type"":""histogram"",""bins"":[0.017606349661946297,0.01772779639577493,0.017849243129603565,0.0179706898634322,0.018092136597260833,0.018213583331089467,0.0183350300649181,0.018456476798746735,0.01857792353257537,0.018699370266404003,0.018820817000232637,0.01894226373406127,0.019063710467889905,0.01918515720171854,0.019306603935547173,0.019428050669375807,0.01954949740320444,0.019670944137033075,0.01979239087086171,0.019913837604690343,0.020035284338518977,0.02015673107234761,0.020278177806176245,0.02039962454000488,0.020521071273833513,0.020642518007662147,0.02076396474149078,0.020885411475319415,0.02100685820914805,0.021128304942976683,0.021249751676805317,0.02137119841063395,0.021492645144462585]}"
"883","{""values"":[43,0,0,0,0,0,0,0,0,0,0,0,0,0,0,0,0,0,0,0,0,8,0,0,0,0,0,0,0,0,0,3],""_type"":""histogram"",""bins"":[0.017924031242728233,0.01804260426433757,0.018161177285946906,0.018279750307556242,0.018398323329165578,0.018516896350774914,0.01863546937238425,0.018754042393993586,0.018872615415602922,0.01899118843721226,0.019109761458821595,0.01922833448043093,0.019346907502040267,0.019465480523649603,0.01958405354525894,0.019702626566868275,0.01982119958847761,0.019939772610086948,0.020058345631696284,0.02017691865330562,0.020295491674914956,0.020414064696524292,0.02053263771813363,0.020651210739742965,0.0207697837613523,0.020888356782961637,0.021006929804570973,0.02112550282618031,0.021244075847789645,0.02136264886939898,0.021481221891008317,0.021599794912617654,0.02171836793422699]}"
"917","{""bins"":[0.017718780785799026,0.0178031288087368,0.017887476831674576,0.0179718229919672,0.018056171014904976,0.01814051903784275,0.018224867060780525,0.01830921322107315,0.018393561244010925,0.0184779092669487,0.018562257289886475,0.01864660531282425,0.018730951473116875,0.01881529949605465,0.018899647518992424,0.0189839955419302,0.019068341702222824,0.0191526897251606,0.019237037748098373,0.019321385771036148,0.019405733793973923,0.019490079954266548,0.019574427977204323,0.019658776000142097,0.019743124023079872,0.019827472046017647,0.019911818206310272,0.019996166229248047,0.02008051425218582,0.020164862275123596,0.02024920843541622,0.020333556458353996,0.02041790448129177],""values"":[38,0,0,0,0,0,0,0,0,0,0,0,0,0,0,0,0,0,0,0,0,0,0,0,0,0,0,0,0,0,0,16],""_type"":""histogram""}"
"951","{""_type"":""histogram"",""values"":[39,0,0,0,0,0,0,0,0,0,0,0,0,0,0,0,0,0,0,0,0,10,0,0,0,0,0,0,0,0,0,5],""bins"":[0.01768132671713829,0.017800441943109035,0.01791955716907978,0.018038672395050526,0.01815778762102127,0.018276902846992016,0.01839601807296276,0.018515133298933506,0.01863424852490425,0.018753363750874996,0.01887247897684574,0.018991594202816486,0.01911070942878723,0.019229824654757977,0.01934893988072872,0.019468055106699467,0.019587170332670212,0.019706285558640957,0.019825400784611702,0.019944516010582447,0.020063631236553192,0.020182746462523937,0.020301861688494682,0.020420976914465427,0.020540092140436172,0.020659207366406918,0.020778322592377663,0.020897437818348408,0.021016553044319153,0.021135668270289898,0.021254783496260643,0.021373898722231388,0.021493013948202133]}"
"985","{""_type"":""histogram"",""values"":[44,0,0,0,0,0,0,0,0,0,0,0,0,0,0,0,0,0,0,9,0,0,0,0,0,0,0,0,0,0,0,1],""bins"":[0.018000403419137,0.01813513587694615,0.0182698683347553,0.01840460079256445,0.018539333250373602,0.018674065708182752,0.018808798165991902,0.018943530623801053,0.019078263081610203,0.019212995539419353,0.019347727997228503,0.019482460455037653,0.019617192912846804,0.019751925370655954,0.019886657828465104,0.020021390286274254,0.020156122744083405,0.020290855201892555,0.020425587659701705,0.020560320117510855,0.020695052575320005,0.020829785033129156,0.020964517490938306,0.021099249948747456,0.021233982406556606,0.021368714864365757,0.021503447322174907,0.021638179779984057,0.021772912237793207,0.021907644695602357,0.022042377153411508,0.022177109611220658,0.022311842069029808]}"
"1019","{""values"":[37,0,0,0,0,0,0,0,0,0,0,0,0,0,0,0,0,0,0,14,0,0,0,0,0,0,0,2,0,0,0,1],""_type"":""histogram"",""bins"":[0.01758301816880703,0.01772600127151236,0.01786898437421769,0.01801196747692302,0.01815495057962835,0.018297933682333678,0.018440916785039008,0.018583899887744337,0.018726882990449667,0.018869866093154997,0.019012849195860326,0.019155832298565656,0.019298815401270986,0.019441798503976315,0.019584781606681645,0.019727764709386975,0.019870747812092304,0.020013730914797634,0.020156714017502964,0.020299697120208293,0.020442680222913623,0.020585663325618953,0.020728646428324282,0.020871629531029612,0.02101461263373494,0.02115759573644027,0.0213005788391456,0.02144356194185093,0.02158654504455626,0.02172952814726159,0.02187251124996692,0.02201549435267225,0.02215847745537758]}"
"1053","{""_type"":""histogram"",""values"":[40,0,0,0,0,0,0,0,0,0,0,0,0,0,0,0,0,0,0,0,0,9,0,0,0,0,0,0,0,0,0,5],""bins"":[0.01774216629564762,0.017860180523712188,0.017978194751776755,0.01809620897984132,0.01821422320790589,0.018332237435970455,0.018450251664035022,0.01856826589209959,0.018686280120164156,0.018804294348228723,0.01892230857629329,0.019040322804357857,0.019158337032422423,0.01927635126048699,0.019394365488551557,0.019512379716616124,0.01963039394468069,0.019748408172745258,0.019866422400809824,0.01998443662887439,0.020102450856938958,0.020220465085003525,0.020338479313068092,0.02045649354113266,0.020574507769197226,0.020692521997261792,0.02081053622532636,0.020928550453390926,0.021046564681455493,0.02116457890952006,0.021282593137584627,0.021400607365649194,0.02151862159371376]}"
"1087","{""values"":[35,0,0,0,0,0,0,0,0,0,0,0,0,0,0,0,0,0,0,17,0,0,0,0,0,0,0,0,1,0,0,1],""_type"":""histogram"",""bins"":[0.017554469406604767,0.01768651243764907,0.017818555468693376,0.01795059849973768,0.018082641530781984,0.01821468456182629,0.018346727592870593,0.018478770623914897,0.018610813654959202,0.018742856686003506,0.01887489971704781,0.019006942748092115,0.01913898577913642,0.019271028810180724,0.019403071841225028,0.019535114872269332,0.019667157903313637,0.01979920093435794,0.019931243965402246,0.02006328699644655,0.020195330027490854,0.02032737305853516,0.020459416089579463,0.020591459120623767,0.020723502151668072,0.020855545182712376,0.02098758821375668,0.021119631244800985,0.02125167427584529,0.021383717306889594,0.021515760337933898,0.021647803368978202,0.021779846400022507]}"
"1121","{""values"":[39,0,0,0,0,0,0,0,0,0,0,0,0,0,0,0,0,0,0,0,0,12,0,0,0,0,0,0,0,0,0,3],""_type"":""histogram"",""bins"":[0.017748942598700523,0.017864420951809734,0.017979899304918945,0.018095377658028156,0.018210856011137366,0.018326334364246577,0.018441812717355788,0.018557291070465,0.01867276942357421,0.01878824777668342,0.01890372612979263,0.01901920448290184,0.019134682836011052,0.019250161189120263,0.019365639542229474,0.019481117895338684,0.019596596248447895,0.019712074601557106,0.019827552954666317,0.019943031307775527,0.020058509660884738,0.02017398801399395,0.02028946636710316,0.02040494472021237,0.02052042307332158,0.02063590142643079,0.020751379779540002,0.020866858132649213,0.020982336485758424,0.021097814838867635,0.021213293191976845,0.021328771545086056,0.021444249898195267]}"
"1155","{""values"":[42,0,0,0,0,0,0,0,0,0,0,0,0,0,0,0,0,0,0,0,0,0,11,0,0,0,0,0,0,0,0,1],""_type"":""histogram"",""bins"":[0.017909200862050056,0.01802732638316229,0.018145451904274523,0.018263577425386757,0.01838170294649899,0.018499828467611223,0.018617953988723457,0.01873607950983569,0.018854205030947924,0.018972330552060157,0.01909045607317239,0.019208581594284624,0.019326707115396857,0.01944483263650909,0.019562958157621324,0.019681083678733557,0.01979920919984579,0.019917334720958024,0.020035460242070258,0.02015358576318249,0.020271711284294724,0.020389836805406958,0.02050796232651919,0.020626087847631425,0.020744213368743658,0.02086233888985589,0.020980464410968125,0.02109858993208036,0.02121671545319259,0.021334840974304825,0.02145296649541706,0.021571092016529292,0.021689217537641525]}"
"1189","{""_type"":""histogram"",""values"":[46,0,0,0,0,0,0,0,0,0,0,0,0,0,0,0,0,0,0,6,0,0,0,0,0,0,0,0,1,0,0,1],""bins"":[0.018058376386761665,0.01819637865992263,0.018334380933083594,0.018472383206244558,0.018610385479405522,0.018748387752566487,0.01888639002572745,0.019024392298888415,0.01916239457204938,0.019300396845210344,0.019438399118371308,0.019576401391532272,0.019714403664693236,0.0198524059378542,0.019990408211015165,0.02012841048417613,0.020266412757337093,0.020404415030498058,0.020542417303659022,0.020680419576819986,0.02081842184998095,0.020956424123141915,0.02109442639630288,0.021232428669463843,0.021370430942624807,0.02150843321578577,0.021646435488946736,0.0217844377621077,0.021922440035268664,0.02206044230842963,0.022198444581590593,0.022336446854751557,0.02247444912791252]}"
"1223","{""_type"":""histogram"",""values"":[39,0,0,0,0,0,0,0,0,0,0,0,0,0,0,0,0,0,0,0,0,0,12,0,0,0,0,0,0,0,0,3],""bins"":[0.017682218924164772,0.0178064638748765,0.017930708825588226,0.018054953776299953,0.01817919872701168,0.018303443677723408,0.018427688628435135,0.018551933579146862,0.01867617852985859,0.018800423480570316,0.018924668431282043,0.01904891338199377,0.019173158332705498,0.019297403283417225,0.019421648234128952,0.01954589318484068,0.019670138135552406,0.019794383086264133,0.01991862803697586,0.020042872987687588,0.020167117938399315,0.020291362889111042,0.02041560783982277,0.020539852790534496,0.020664097741246223,0.02078834269195795,0.020912587642669678,0.021036832593381405,0.021161077544093132,0.02128532249480486,0.021409567445516586,0.021533812396228313,0.02165805734694004]}"
"1257","{""_type"":""histogram"",""values"":[40,0,0,0,0,0,0,0,0,0,0,0,0,0,0,0,0,0,0,0,0,12,0,0,0,0,0,0,0,0,0,2],""bins"":[0.017797693610191345,0.017917501856572926,0.018037310102954507,0.018157118349336088,0.01827692659571767,0.01839673484209925,0.01851654308848083,0.01863635133486241,0.018756159581243992,0.018875967827625573,0.018995776074007154,0.019115584320388734,0.019235392566770315,0.019355200813151896,0.019475009059533477,0.019594817305915058,0.01971462555229664,0.01983443379867822,0.0199542420450598,0.02007405029144138,0.020193858537822962,0.020313666784204543,0.020433475030586123,0.020553283276967704,0.020673091523349285,0.020792899769730866,0.020912708016112447,0.021032516262494028,0.02115232450887561,0.02127213275525719,0.02139194100163877,0.02151174924802035,0.021631557494401932]}"
"1291","{""values"":[43,0,0,0,0,0,0,0,0,0,0,0,0,0,0,0,0,0,0,0,0,0,9,0,0,0,0,0,0,0,0,2],""_type"":""histogram"",""bins"":[0.017929987981915474,0.018049998965580016,0.01817000994924456,0.0182900209329091,0.018410031916573644,0.018530042900238186,0.01865005388390273,0.01877006486756727,0.018890075851231813,0.019010086834896356,0.0191300978185609,0.01925010880222544,0.019370119785889983,0.019490130769554526,0.019610141753219068,0.01973015273688361,0.019850163720548153,0.019970174704212695,0.020090185687877238,0.02021019667154178,0.020330207655206323,0.020450218638870865,0.020570229622535408,0.02069024060619995,0.020810251589864492,0.020930262573529035,0.021050273557193577,0.02117028454085812,0.021290295524522662,0.021410306508187205,0.021530317491851747,0.02165032847551629,0.021770339459180832]}"
"1325","{""values"":[44,0,0,0,0,0,0,0,0,0,0,0,0,0,0,0,0,0,0,7,0,0,0,0,0,0,0,0,2,0,0,1],""_type"":""histogram"",""bins"":[0.01793399266898632,0.018072617705911398,0.018211242742836475,0.018349867779761553,0.01848849281668663,0.018627117853611708,0.018765742890536785,0.018904367927461863,0.01904299296438694,0.019181618001312017,0.019320243038237095,0.019458868075162172,0.01959749311208725,0.019736118149012327,0.019874743185937405,0.020013368222862482,0.02015199325978756,0.020290618296712637,0.020429243333637714,0.020567868370562792,0.02070649340748787,0.020845118444412947,0.020983743481338024,0.0211223685182631,0.02126099355518818,0.021399618592113256,0.021538243629038334,0.02167686866596341,0.02181549370288849,0.021954118739813566,0.022092743776738644,0.02223136881366372,0.0223699938505888]}"
"1359","{""_type"":""histogram"",""values"":[38,0,0,0,0,0,0,0,0,0,0,0,0,0,0,0,0,0,0,0,0,0,14,0,0,0,0,0,0,0,0,2],""bins"":[0.017672479152679443,0.017794689047150314,0.017916898941621184,0.018039108836092055,0.018161318730562925,0.018283528625033796,0.018405738519504666,0.018527948413975537,0.018650158308446407,0.018772368202917278,0.01889457809738815,0.01901678799185902,0.01913899788632989,0.01926120778080076,0.01938341767527163,0.0195056275697425,0.01962783746421337,0.019750047358684242,0.019872257253155112,0.019994467147625983,0.020116677042096853,0.020238886936567724,0.020361096831038594,0.020483306725509465,0.020605516619980335,0.020727726514451206,0.020849936408922076,0.020972146303392947,0.021094356197863817,0.021216566092334688,0.021338775986805558,0.02146098588127643,0.0215831957757473]}"
"1393","{""values"":[41,0,0,0,0,0,0,0,0,0,0,0,0,0,0,0,0,0,0,0,0,10,0,0,0,0,0,0,0,0,0,3],""_type"":""histogram"",""bins"":[0.01782379113137722,0.017942945822142065,0.01806210051290691,0.018181255203671753,0.018300409894436598,0.018419564585201442,0.018538719275966287,0.01865787396673113,0.018777028657495975,0.01889618334826082,0.019015338039025664,0.01913449272979051,0.019253647420555353,0.019372802111320198,0.019491956802085042,0.019611111492849886,0.01973026618361473,0.019849420874379575,0.01996857556514442,0.020087730255909264,0.02020688494667411,0.020326039637438953,0.020445194328203797,0.020564349018968642,0.020683503709733486,0.02080265840049833,0.020921813091263175,0.02104096778202802,0.021160122472792864,0.021279277163557708,0.021398431854322553,0.021517586545087397,0.02163674123585224]}"
"1427","{""values"":[40,0,0,0,0,0,0,0,0,0,0,0,0,0,0,0,0,0,0,0,0,0,13,0,0,0,0,0,0,0,0,1],""_type"":""histogram"",""bins"":[0.01780523546040058,0.01792471529915929,0.018044195137917995,0.018163674976676702,0.01828315481543541,0.018402634654194117,0.018522114492952824,0.01864159433171153,0.018761074170470238,0.018880554009228945,0.019000033847987652,0.01911951368674636,0.019238993525505066,0.019358473364263773,0.01947795320302248,0.019597433041781187,0.019716912880539894,0.0198363927192986,0.019955872558057308,0.020075352396816015,0.020194832235574722,0.02031431207433343,0.020433791913092136,0.020553271751850843,0.02067275159060955,0.020792231429368258,0.020911711268126965,0.02103119110688567,0.02115067094564438,0.021270150784403086,0.021389630623161793,0.0215091104619205,0.021628590300679207]}"
"1461","{""values"":[42,0,0,0,0,0,0,0,0,0,0,0,0,0,0,0,0,0,0,0,0,0,10,0,0,0,0,0,0,0,0,2],""_type"":""histogram"",""bins"":[0.017880119383335114,0.01800081942928955,0.018121519475243986,0.01824221952119842,0.018362919567152858,0.018483619613107294,0.01860431965906173,0.018725019705016166,0.018845719750970602,0.018966419796925038,0.019087119842879474,0.01920781988883391,0.019328519934788346,0.019449219980742782,0.01956992002669722,0.019690620072651654,0.01981132011860609,0.019932020164560527,0.020052720210514963,0.0201734202564694,0.020294120302423835,0.02041482034837827,0.020535520394332707,0.020656220440287143,0.02077692048624158,0.020897620532196015,0.02101832057815045,0.021139020624104887,0.021259720670059323,0.02138042071601376,0.021501120761968195,0.02162182080792263,0.021742520853877068]}"
"1495","{""_type"":""histogram"",""values"":[44,0,0,0,0,0,0,0,0,0,0,0,0,0,0,0,0,0,0,0,0,0,9,0,0,0,0,0,0,0,0,1],""bins"":[0.017992602661252022,0.01811485760845244,0.018237112555652857,0.018359367502853274,0.018481622450053692,0.01860387739725411,0.018726132344454527,0.018848387291654944,0.018970642238855362,0.01909289718605578,0.019215152133256197,0.019337407080456614,0.019459662027657032,0.01958191697485745,0.019704171922057867,0.019826426869258285,0.019948681816458702,0.02007093676365912,0.020193191710859537,0.020315446658059955,0.020437701605260372,0.02055995655246079,0.020682211499661207,0.020804466446861625,0.020926721394062042,0.02104897634126246,0.021171231288462877,0.021293486235663295,0.021415741182863712,0.02153799613006413,0.021660251077264547,0.021782506024464965,0.021904760971665382]}"
"1529","{""values"":[36,0,0,0,0,0,0,0,0,0,0,0,0,0,0,0,0,0,0,0,0,0,15,0,0,0,0,0,0,0,0,3],""_type"":""histogram"",""bins"":[0.017547857016324997,0.01766974455676973,0.01779163209721446,0.017913519637659192,0.018035407178103924,0.018157294718548656,0.018279182258993387,0.01840106979943812,0.01852295733988285,0.018644844880327582,0.018766732420772314,0.018888619961217046,0.019010507501661777,0.01913239504210651,0.01925428258255124,0.019376170122995973,0.019498057663440704,0.019619945203885436,0.019741832744330168,0.0198637202847749,0.01998560782521963,0.020107495365664363,0.020229382906109095,0.020351270446553826,0.020473157986998558,0.02059504552744329,0.02071693306788802,0.020838820608332753,0.020960708148777485,0.021082595689222217,0.02120448322966695,0.02132637077011168,0.021448258310556412]}"
"1563","{""values"":[37,0,0,0,0,0,0,0,0,0,0,0,0,0,0,0,0,0,0,0,0,13,0,0,0,0,0,0,0,0,0,4],""_type"":""histogram"",""bins"":[0.017635533586144447,0.017751900129951537,0.017868266673758626,0.017984633217565715,0.018100999761372805,0.018217366305179894,0.018333732848986983,0.018450099392794073,0.018566465936601162,0.01868283248040825,0.01879919902421534,0.01891556556802243,0.01903193211182952,0.01914829865563661,0.019264665199443698,0.019381031743250787,0.019497398287057877,0.019613764830864966,0.019730131374672055,0.019846497918479145,0.019962864462286234,0.020079231006093323,0.020195597549900413,0.020311964093707502,0.02042833063751459,0.02054469718132168,0.02066106372512877,0.02077743026893586,0.02089379681274295,0.021010163356550038,0.021126529900357127,0.021242896444164217,0.021359262987971306]}"
"1597","{""values"":[38,0,0,0,0,0,0,0,0,0,0,0,0,0,0,0,0,0,0,0,0,0,13,0,0,0,0,0,0,0,0,3],""_type"":""histogram"",""bins"":[0.017695123329758644,0.017810382414609194,0.017925641499459743,0.018040900584310293,0.018156159669160843,0.018271418754011393,0.018386677838861942,0.018501936923712492,0.01861719600856304,0.01873245509341359,0.01884771417826414,0.01896297326311469,0.01907823234796524,0.01919349143281579,0.01930875051766634,0.01942400960251689,0.01953926868736744,0.01965452777221799,0.01976978685706854,0.01988504594191909,0.020000305026769638,0.020115564111620188,0.020230823196470737,0.020346082281321287,0.020461341366171837,0.020576600451022387,0.020691859535872936,0.020807118620723486,0.020922377705574036,0.021037636790424585,0.021152895875275135,0.021268154960125685,0.021383414044976234]}"
"1631","{""_type"":""histogram"",""values"":[41,0,0,0,0,0,0,0,0,0,0,0,0,0,0,0,0,0,0,0,0,0,10,0,0,0,0,0,0,0,0,3],""bins"":[0.017824623733758926,0.017942247446626425,0.018059871159493923,0.01817749487236142,0.01829511858522892,0.01841274229809642,0.018530366010963917,0.018647989723831415,0.018765613436698914,0.018883237149566412,0.01900086086243391,0.01911848457530141,0.019236108288168907,0.019353732001036406,0.019471355713903904,0.019588979426771402,0.0197066031396389,0.0198242268525064,0.019941850565373898,0.020059474278241396,0.020177097991108894,0.020294721703976393,0.02041234541684389,0.02052996912971139,0.020647592842578888,0.020765216555446386,0.020882840268313885,0.021000463981181383,0.02111808769404888,0.02123571140691638,0.02135333511978388,0.021470958832651377,0.021588582545518875]}"
"1665","{""values"":[37,0,0,0,0,0,0,0,0,0,0,0,0,0,0,0,0,0,0,12,0,0,0,0,0,0,0,0,4,0,0,1],""_type"":""histogram"",""bins"":[0.017569486051797867,0.017703234683722258,0.01783698331564665,0.01797073194757104,0.01810448057949543,0.01823822921141982,0.01837197784334421,0.018505726475268602,0.018639475107192993,0.018773223739117384,0.018906972371041775,0.019040721002966166,0.019174469634890556,0.019308218266814947,0.019441966898739338,0.01957571553066373,0.01970946416258812,0.01984321279451251,0.0199769614264369,0.020110710058361292,0.020244458690285683,0.020378207322210073,0.020511955954134464,0.020645704586058855,0.020779453217983246,0.020913201849907637,0.021046950481832027,0.021180699113756418,0.02131444774568081,0.0214481963776052,0.02158194500952959,0.02171569364145398,0.021849442273378372]}"
"1699","{""values"":[38,0,0,0,0,0,0,0,0,0,0,0,0,0,0,0,0,0,12,0,0,0,0,0,0,0,0,2,0,0,1,1],""_type"":""histogram"",""bins"":[0.017656806856393814,0.01779441034886986,0.017932013841345906,0.018069617333821952,0.018207220826298,0.018344824318774045,0.01848242781125009,0.018620031303726137,0.018757634796202183,0.01889523828867823,0.019032841781154275,0.01917044527363032,0.019308048766106367,0.019445652258582413,0.01958325575105846,0.019720859243534505,0.01985846273601055,0.019996066228486598,0.020133669720962644,0.02027127321343869,0.020408876705914736,0.020546480198390782,0.020684083690866828,0.020821687183342874,0.02095929067581892,0.021096894168294966,0.021234497660771012,0.02137210115324706,0.021509704645723104,0.02164730813819915,0.021784911630675197,0.021922515123151243,0.02206011861562729]}"
"1733","{""values"":[44,0,0,0,0,0,0,0,0,0,0,0,0,0,0,0,0,0,0,0,0,0,8,0,0,0,0,0,0,0,0,2],""_type"":""histogram"",""bins"":[0.017991438508033752,0.01810891425702721,0.018226390006020665,0.01834386575501412,0.018461341504007578,0.018578817253001034,0.01869629300199449,0.018813768750987947,0.018931244499981403,0.01904872024897486,0.019166195997968316,0.019283671746961772,0.01940114749595523,0.019518623244948685,0.01963609899394214,0.019753574742935598,0.019871050491929054,0.01998852624092251,0.020106001989915967,0.020223477738909423,0.02034095348790288,0.020458429236896336,0.020575904985889792,0.02069338073488325,0.020810856483876705,0.02092833223287016,0.021045807981863618,0.021163283730857074,0.02128075947985053,0.021398235228843987,0.021515710977837443,0.0216331867268309,0.021750662475824356]}"
"1767","{""values"":[38,0,0,0,0,0,0,0,0,0,0,0,0,0,0,0,0,0,0,0,0,0,15,0,0,0,0,0,0,0,0,1],""_type"":""histogram"",""bins"":[0.017688356339931488,0.017809550859965384,0.01793074537999928,0.018051939900033176,0.018173134420067072,0.018294328940100968,0.018415523460134864,0.01853671798016876,0.018657912500202656,0.018779107020236552,0.018900301540270448,0.019021496060304344,0.01914269058033824,0.019263885100372136,0.01938507962040603,0.019506274140439928,0.019627468660473824,0.01974866318050772,0.019869857700541615,0.01999105222057551,0.020112246740609407,0.020233441260643303,0.0203546357806772,0.020475830300711095,0.02059702482074499,0.020718219340778887,0.020839413860812783,0.02096060838084668,0.021081802900880575,0.02120299742091447,0.021324191940948367,0.021445386460982263,0.02156658098101616]}"
"1801","{""values"":[36,0,0,0,0,0,0,0,0,0,0,0,0,0,0,0,0,0,0,0,0,17,0,0,0,0,0,0,0,0,0,1],""_type"":""histogram"",""bins"":[0.01763688400387764,0.0177549283253029,0.017872972646728158,0.017991016968153417,0.018109061289578676,0.018227105611003935,0.018345149932429194,0.018463194253854454,0.018581238575279713,0.018699282896704972,0.01881732721813023,0.01893537153955549,0.01905341586098075,0.019171460182406008,0.019289504503831267,0.019407548825256526,0.019525593146681786,0.019643637468107045,0.019761681789532304,0.019879726110957563,0.019997770432382822,0.02011581475380808,0.02023385907523334,0.0203519033966586,0.02046994771808386,0.020587992039509118,0.020706036360934377,0.020824080682359636,0.020942125003784895,0.021060169325210154,0.021178213646635413,0.021296257968060672,0.02141430228948593]}"
"1835","{""_type"":""histogram"",""values"":[38,0,0,0,0,0,0,0,0,0,0,0,0,0,0,0,0,0,0,0,0,0,11,0,0,0,0,0,0,0,0,5],""bins"":[0.017651207745075226,0.017767262004781514,0.017883316264487803,0.01799937052419409,0.01811542478390038,0.01823147904360667,0.018347533303312957,0.018463587563019246,0.018579641822725534,0.018695696082431823,0.01881175034213811,0.0189278046018444,0.01904385886155069,0.019159913121256977,0.019275967380963266,0.019392021640669554,0.019508075900375843,0.01962413016008213,0.01974018441978842,0.01985623867949471,0.019972292939200997,0.020088347198907286,0.020204401458613575,0.020320455718319863,0.02043650997802615,0.02055256423773244,0.02066861849743873,0.020784672757145017,0.020900727016851306,0.021016781276557595,0.021132835536263883,0.02124888979597017,0.02136494405567646]}"
"1869","{""values"":[42,0,0,0,0,0,0,0,0,0,0,0,0,0,0,0,0,0,0,10,0,0,0,0,0,0,0,0,1,0,0,1],""_type"":""histogram"",""bins"":[0.017888136208057404,0.01802068267716095,0.018153229146264493,0.01828577561536804,0.018418322084471583,0.01855086855357513,0.018683415022678673,0.018815961491782218,0.018948507960885763,0.019081054429989308,0.019213600899092853,0.019346147368196398,0.019478693837299943,0.019611240306403488,0.019743786775507033,0.019876333244610578,0.020008879713714123,0.020141426182817668,0.020273972651921213,0.020406519121024758,0.020539065590128303,0.020671612059231848,0.020804158528335392,0.020936704997438937,0.021069251466542482,0.021201797935646027,0.021334344404749572,0.021466890873853117,0.021599437342956662,0.021731983812060207,0.021864530281163752,0.021997076750267297,0.022129623219370842]}"
"1903","{""_type"":""histogram"",""values"":[41,0,0,0,0,0,0,0,0,0,0,0,0,0,0,0,0,0,0,11,0,0,0,0,0,0,0,1,0,0,0,1],""bins"":[0.01781110092997551,0.017953304632101208,0.018095508334226906,0.018237712036352605,0.018379915738478303,0.018522119440604,0.0186643231427297,0.018806526844855398,0.018948730546981096,0.019090934249106795,0.019233137951232493,0.01937534165335819,0.01951754535548389,0.019659749057609588,0.019801952759735286,0.019944156461860985,0.020086360163986683,0.02022856386611238,0.02037076756823808,0.020512971270363778,0.020655174972489476,0.020797378674615175,0.020939582376740873,0.02108178607886657,0.02122398978099227,0.021366193483117968,0.021508397185243666,0.021650600887369365,0.021792804589495063,0.02193500829162076,0.02207721199374646,0.022219415695872158,0.022361619397997856]}"
"1937","{""values"":[38,0,0,0,0,0,0,0,0,0,0,0,0,0,0,0,0,0,0,0,0,0,13,0,0,0,0,0,0,0,0,3],""_type"":""histogram"",""bins"":[0.017667287960648537,0.017787363030947745,0.017907438101246953,0.01802751317154616,0.01814758824184537,0.018267663312144578,0.018387738382443786,0.018507813452742994,0.018627888523042202,0.01874796359334141,0.01886803866364062,0.018988113733939826,0.019108188804239035,0.019228263874538243,0.01934833894483745,0.01946841401513666,0.019588489085435867,0.019708564155735075,0.019828639226034284,0.019948714296333492,0.0200687893666327,0.020188864436931908,0.020308939507231116,0.020429014577530324,0.020549089647829533,0.02066916471812874,0.02078923978842795,0.020909314858727157,0.021029389929026365,0.021149464999325573,0.02126954006962478,0.02138961513992399,0.021509690210223198]}"
"1971","{""values"":[41,0,0,0,0,0,0,0,0,0,0,0,0,0,0,0,0,0,0,0,0,0,11,0,0,0,0,0,0,0,0,2],""_type"":""histogram"",""bins"":[0.01784779690206051,0.017966083134524524,0.01808436936698854,0.018202655599452555,0.01832094183191657,0.018439228064380586,0.0185575142968446,0.018675800529308617,0.018794086761772633,0.018912372994236648,0.019030659226700664,0.01914894545916468,0.019267231691628695,0.01938551792409271,0.019503804156556726,0.01962209038902074,0.019740376621484756,0.019858662853948772,0.019976949086412787,0.020095235318876803,0.02021352155134082,0.020331807783804834,0.02045009401626885,0.020568380248732865,0.02068666648119688,0.020804952713660896,0.02092323894612491,0.021041525178588927,0.021159811411052942,0.021278097643516958,0.021396383875980973,0.02151467010844499,0.021632956340909004]}"
"2005","{""values"":[44,0,0,0,0,0,0,0,0,0,0,0,0,0,0,0,0,0,0,0,0,0,8,0,0,0,0,0,0,0,0,2],""_type"":""histogram"",""bins"":[0.01797408051788807,0.018095034756697714,0.01821598899550736,0.018336943234317005,0.01845789747312665,0.018578851711936295,0.01869980595074594,0.018820760189555585,0.01894171442836523,0.019062668667174876,0.01918362290598452,0.019304577144794166,0.01942553138360381,0.019546485622413456,0.0196674398612231,0.019788394100032747,0.019909348338842392,0.020030302577652037,0.020151256816461682,0.020272211055271327,0.020393165294080973,0.020514119532890618,0.020635073771700263,0.020756028010509908,0.020876982249319553,0.0209979364881292,0.021118890726938844,0.02123984496574849,0.021360799204558134,0.02148175344336778,0.021602707682177424,0.02172366192098707,0.021844616159796715]}"
"2039","{""values"":[36,0,0,0,0,0,0,0,0,0,0,0,0,0,0,0,0,0,0,17,0,0,0,0,0,0,0,0,0,0,0,1],""_type"":""histogram"",""bins"":[0.01758543774485588,0.017721990938298404,0.017858544131740928,0.01799509732518345,0.018131650518625975,0.018268203712068498,0.01840475690551102,0.018541310098953545,0.01867786329239607,0.018814416485838592,0.018950969679281116,0.01908752287272364,0.019224076066166162,0.019360629259608686,0.01949718245305121,0.019633735646493733,0.019770288839936256,0.01990684203337878,0.020043395226821303,0.020179948420263827,0.02031650161370635,0.020453054807148874,0.020589608000591397,0.02072616119403392,0.020862714387476444,0.020999267580918968,0.02113582077436149,0.021272373967804015,0.021408927161246538,0.02154548035468906,0.021682033548131585,0.02181858674157411,0.021955139935016632]}"
"2073","{""values"":[36,0,0,0,0,0,0,0,0,0,0,0,0,0,0,0,0,0,0,0,0,15,0,0,0,0,0,0,0,0,0,3],""_type"":""histogram"",""bins"":[0.017608284950256348,0.017724702367559075,0.017841119784861803,0.01795753720216453,0.01807395461946726,0.018190372036769986,0.018306789454072714,0.01842320687137544,0.01853962428867817,0.018656041705980897,0.018772459123283625,0.018888876540586352,0.01900529395788908,0.019121711375191808,0.019238128792494535,0.019354546209797263,0.01947096362709999,0.01958738104440272,0.019703798461705446,0.019820215879008174,0.0199366332963109,0.02005305071361363,0.020169468130916357,0.020285885548219085,0.020402302965521812,0.02051872038282454,0.020635137800127268,0.020751555217429996,0.020867972634732723,0.02098439005203545,0.02110080746933818,0.021217224886640906,0.021333642303943634]}"
"2107","{""_type"":""histogram"",""values"":[36,0,0,0,0,0,0,0,0,0,0,0,0,0,0,0,0,0,0,0,0,0,12,0,0,0,0,0,0,0,0,6],""bins"":[0.017547352239489555,0.017661704740021378,0.0177760572405532,0.017890409741085023,0.018004762241616845,0.018119114742148668,0.01823346724268049,0.018347819743212312,0.018462172243744135,0.018576524744275957,0.01869087724480778,0.018805229745339602,0.018919582245871425,0.019033934746403247,0.01914828724693507,0.019262639747466892,0.019376992247998714,0.019491344748530537,0.01960569724906236,0.019720049749594182,0.019834402250126004,0.019948754750657827,0.02006310725118965,0.02017745975172147,0.020291812252253294,0.020406164752785116,0.02052051725331694,0.02063486975384876,0.020749222254380584,0.020863574754912406,0.02097792725544423,0.02109227975597605,0.021206632256507874]}"
"2141","{""_type"":""histogram"",""values"":[40,0,0,0,0,0,0,0,0,0,0,0,0,0,0,0,0,0,0,0,0,0,12,0,0,0,0,0,0,0,0,2],""bins"":[0.017817363142967224,0.01793227798771113,0.01804719283245504,0.018162107677198946,0.018277022521942854,0.01839193736668676,0.01850685221143067,0.018621767056174576,0.018736681900918484,0.01885159674566239,0.0189665115904063,0.019081426435150206,0.019196341279894114,0.01931125612463802,0.01942617096938193,0.019541085814125836,0.019656000658869743,0.01977091550361365,0.019885830348357558,0.020000745193101466,0.020115660037845373,0.02023057488258928,0.020345489727333188,0.020460404572077096,0.020575319416821003,0.02069023426156491,0.020805149106308818,0.020920063951052725,0.021034978795796633,0.02114989364054054,0.021264808485284448,0.021379723330028355,0.021494638174772263]}"
"2175","{""_type"":""histogram"",""values"":[43,0,0,0,0,0,0,0,0,0,0,0,0,0,0,0,0,0,0,0,0,0,8,0,0,0,0,0,0,0,0,3],""bins"":[0.01790786348283291,0.018027361773420125,0.018146860064007342,0.01826635835459456,0.018385856645181775,0.01850535493576899,0.01862485322635621,0.018744351516943425,0.01886384980753064,0.018983348098117858,0.019102846388705075,0.01922234467929229,0.019341842969879508,0.019461341260466725,0.01958083955105394,0.019700337841641158,0.019819836132228374,0.01993933442281559,0.020058832713402808,0.020178331003990024,0.02029782929457724,0.020417327585164458,0.020536825875751674,0.02065632416633889,0.020775822456926107,0.020895320747513324,0.02101481903810054,0.021134317328687757,0.021253815619274974,0.02137331390986219,0.021492812200449407,0.021612310491036624,0.02173180878162384]}"
"2209","{""_type"":""histogram"",""values"":[39,0,0,0,0,0,0,0,0,0,0,0,0,0,0,0,0,0,0,0,0,0,14,0,0,0,0,0,0,0,0,1],""bins"":[0.01774662360548973,0.01786797901149839,0.017989334417507052,0.018110689823515713,0.018232045229524374,0.018353400635533035,0.018474756041541696,0.018596111447550356,0.018717466853559017,0.018838822259567678,0.01896017766557634,0.019081533071585,0.01920288847759366,0.01932424388360232,0.019445599289610982,0.019566954695619643,0.019688310101628304,0.019809665507636964,0.019931020913645625,0.020052376319654286,0.020173731725662947,0.020295087131671607,0.02041644253768027,0.02053779794368893,0.02065915334969759,0.02078050875570625,0.02090186416171491,0.021023219567723572,0.021144574973732233,0.021265930379740894,0.021387285785749555,0.021508641191758215,0.021629996597766876]}"
"2243","{""values"":[39,0,0,0,0,0,0,0,0,0,0,0,0,0,0,0,0,0,0,0,0,11,0,0,0,0,0,0,0,0,0,4],""_type"":""histogram"",""bins"":[0.01770004630088806,0.017819524800870568,0.017939003300853074,0.01805848180083558,0.018177960300818086,0.01829743880080059,0.018416917300783098,0.018536395800765604,0.01865587430074811,0.018775352800730616,0.018894831300713122,0.019014309800695628,0.019133788300678134,0.01925326680066064,0.019372745300643146,0.019492223800625652,0.019611702300608158,0.019731180800590664,0.01985065930057317,0.019970137800555676,0.020089616300538182,0.02020909480052069,0.020328573300503194,0.0204480518004857,0.020567530300468206,0.020687008800450712,0.02080648730043322,0.020925965800415725,0.02104544430039823,0.021164922800380737,0.021284401300363243,0.02140387980034575,0.021523358300328255]}"
"2277","{""values"":[38,0,0,0,0,0,0,0,0,0,0,0,0,0,0,0,0,0,0,0,0,0,15,0,0,0,0,0,0,0,0,1],""_type"":""histogram"",""bins"":[0.01772717759013176,0.017844664282165468,0.017962150974199176,0.018079637666232884,0.018197124358266592,0.0183146110503003,0.018432097742334008,0.018549584434367716,0.018667071126401424,0.018784557818435133,0.01890204451046884,0.01901953120250255,0.019137017894536257,0.019254504586569965,0.019371991278603673,0.01948947797063738,0.01960696466267109,0.019724451354704797,0.019841938046738505,0.019959424738772213,0.02007691143080592,0.02019439812283963,0.020311884814873338,0.020429371506907046,0.020546858198940754,0.020664344890974462,0.02078183158300817,0.020899318275041878,0.021016804967075586,0.021134291659109294,0.021251778351143003,0.02136926504317671,0.02148675173521042]}"
"2311","{""_type"":""histogram"",""values"":[40,0,0,0,0,0,0,0,0,0,0,0,0,0,0,0,0,0,0,0,0,0,12,0,0,0,0,0,0,0,0,2],""bins"":[0.017795175313949585,0.017913281626533717,0.01803138793911785,0.01814949425170198,0.018267600564286113,0.018385706876870245,0.018503813189454377,0.01862191950203851,0.01874002581462264,0.018858132127206773,0.018976238439790905,0.019094344752375036,0.01921245106495917,0.0193305573775433,0.019448663690127432,0.019566770002711564,0.019684876315295696,0.019802982627879828,0.01992108894046396,0.020039195253048092,0.020157301565632224,0.020275407878216356,0.020393514190800488,0.02051162050338462,0.020629726815968752,0.020747833128552884,0.020865939441137016,0.020984045753721148,0.02110215206630528,0.02122025837888941,0.021338364691473544,0.021456471004057676,0.021574577316641808]}"
"2345","{""values"":[41,0,0,0,0,0,0,0,0,0,0,0,0,0,0,0,0,0,0,0,0,0,12,0,0,0,0,0,0,0,0,1],""_type"":""histogram"",""bins"":[0.017855964601039886,0.0179755914141424,0.018095218227244914,0.018214845040347427,0.01833447185344994,0.018454098666552454,0.018573725479654968,0.01869335229275748,0.018812979105859995,0.01893260591896251,0.019052232732065022,0.019171859545167536,0.01929148635827005,0.019411113171372563,0.019530739984475076,0.01965036679757759,0.019769993610680103,0.019889620423782617,0.02000924723688513,0.020128874049987644,0.020248500863090158,0.02036812767619267,0.020487754489295185,0.020607381302397698,0.02072700811550021,0.020846634928602725,0.02096626174170524,0.021085888554807752,0.021205515367910266,0.02132514218101278,0.021444768994115293,0.021564395807217807,0.02168402262032032]}"
"2379","{""_type"":""histogram"",""values"":[43,0,0,0,0,0,0,0,0,0,0,0,0,0,0,0,0,0,0,0,0,0,9,0,0,0,0,0,0,0,0,2],""bins"":[0.017923591658473015,0.01804517599521205,0.018166760331951082,0.018288344668690115,0.01840992900542915,0.018531513342168182,0.018653097678907216,0.01877468201564625,0.018896266352385283,0.019017850689124316,0.01913943502586335,0.019261019362602383,0.019382603699341416,0.01950418803608045,0.019625772372819483,0.019747356709558517,0.01986894104629755,0.019990525383036584,0.020112109719775617,0.02023369405651465,0.020355278393253684,0.020476862729992718,0.02059844706673175,0.020720031403470784,0.020841615740209818,0.02096320007694885,0.021084784413687885,0.02120636875042692,0.02132795308716595,0.021449537423904985,0.02157112176064402,0.021692706097383052,0.021814290434122086]}"
"2413","{""values"":[39,0,0,0,0,0,0,0,0,0,0,0,0,0,0,0,0,0,0,0,0,0,14,0,0,0,0,0,0,0,0,1],""_type"":""histogram"",""bins"":[0.017744509503245354,0.017866299080196768,0.017988088657148182,0.018109878234099597,0.01823166781105101,0.018353457388002425,0.01847524696495384,0.018597036541905254,0.01871882611885667,0.018840615695808083,0.018962405272759497,0.01908419484971091,0.019205984426662326,0.01932777400361374,0.019449563580565155,0.01957135315751657,0.019693142734467983,0.019814932311419398,0.019936721888370812,0.020058511465322226,0.02018030104227364,0.020302090619225055,0.02042388019617647,0.020545669773127884,0.020667459350079298,0.020789248927030712,0.020911038503982127,0.02103282808093354,0.021154617657884955,0.02127640723483637,0.021398196811787784,0.0215199863887392,0.021641775965690613]}"
"2447","{""values"":[45,0,0,0,0,0,0,0,0,0,0,0,0,0,0,0,0,0,0,0,0,8,0,0,0,0,0,0,0,0,0,1],""_type"":""histogram"",""bins"":[0.01805221475660801,0.018173296528402716,0.018294378300197423,0.01841546007199213,0.018536541843786836,0.018657623615581542,0.01877870538737625,0.018899787159170955,0.019020868930965662,0.01914195070276037,0.019263032474555075,0.019384114246349782,0.01950519601814449,0.019626277789939195,0.0197473595617339,0.019868441333528608,0.019989523105323315,0.02011060487711802,0.020231686648912728,0.020352768420707434,0.02047385019250214,0.020594931964296848,0.020716013736091554,0.02083709550788626,0.020958177279680967,0.021079259051475674,0.02120034082327038,0.021321422595065087,0.021442504366859794,0.0215635861386545,0.021684667910449207,0.021805749682243913,0.02192683145403862]}"
"2481","{""_type"":""histogram"",""values"":[34,0,0,0,0,0,0,0,0,0,0,0,0,0,0,0,0,0,0,0,0,0,17,0,0,0,0,0,0,0,0,3],""bins"":[0.017446057870984077,0.01756716496311128,0.017688272055238485,0.01780937914736569,0.017930486239492893,0.018051593331620097,0.0181727004237473,0.018293807515874505,0.01841491460800171,0.018536021700128913,0.018657128792256117,0.01877823588438332,0.018899342976510525,0.01902045006863773,0.019141557160764933,0.019262664252892137,0.01938377134501934,0.019504878437146544,0.01962598552927375,0.019747092621400952,0.019868199713528156,0.01998930680565536,0.020110413897782564,0.020231520989909768,0.020352628082036972,0.020473735174164176,0.02059484226629138,0.020715949358418584,0.020837056450545788,0.020958163542672992,0.021079270634800196,0.0212003777269274,0.021321484819054604]}"
"2515","{""values"":[38,0,0,0,0,0,0,0,0,0,0,0,0,0,0,0,0,0,11,0,0,0,0,0,0,0,0,0,4,0,0,1],""_type"":""histogram"",""bins"":[0.01766141504049301,0.017792152357287705,0.0179228896740824,0.018053626990877092,0.018184364307671785,0.01831510162446648,0.018445838941261172,0.018576576258055866,0.01870731357485056,0.018838050891645253,0.018968788208439946,0.01909952552523464,0.019230262842029333,0.019361000158824027,0.01949173747561872,0.019622474792413414,0.019753212109208107,0.0198839494260028,0.020014686742797494,0.020145424059592187,0.02027616137638688,0.020406898693181574,0.020537636009976268,0.02066837332677096,0.020799110643565655,0.020929847960360348,0.02106058527715504,0.021191322593949735,0.02132205991074443,0.021452797227539122,0.021583534544333816,0.02171427186112851,0.021845009177923203]}"
"2549","{""_type"":""histogram"",""values"":[37,0,0,0,0,0,0,0,0,0,0,0,0,0,0,0,0,0,0,11,0,0,0,0,0,0,0,0,5,0,0,1],""bins"":[0.01757682114839554,0.017707584891468287,0.017838348634541035,0.017969112377613783,0.01809987612068653,0.01823063986375928,0.018361403606832027,0.018492167349904776,0.018622931092977524,0.018753694836050272,0.01888445857912302,0.01901522232219577,0.019145986065268517,0.019276749808341265,0.019407513551414013,0.01953827729448676,0.01966904103755951,0.019799804780632257,0.019930568523705006,0.020061332266777754,0.020192096009850502,0.02032285975292325,0.020453623495996,0.020584387239068747,0.020715150982141495,0.020845914725214243,0.02097667846828699,0.02110744221135974,0.021238205954432487,0.021368969697505236,0.021499733440577984,0.021630497183650732,0.02176126092672348]}"
"2583","{""values"":[40,0,0,0,0,0,0,0,0,0,0,0,0,0,0,0,0,0,0,11,0,0,0,0,0,0,0,0,2,0,0,1],""_type"":""histogram"",""bins"":[0.017783036455512047,0.017913471325300634,0.01804390619508922,0.018174341064877808,0.018304775934666395,0.018435210804454982,0.01856564567424357,0.018696080544032156,0.018826515413820744,0.01895695028360933,0.019087385153397918,0.019217820023186505,0.019348254892975092,0.01947868976276368,0.019609124632552266,0.019739559502340853,0.01986999437212944,0.020000429241918027,0.020130864111706614,0.0202612989814952,0.02039173385128379,0.020522168721072376,0.020652603590860963,0.02078303846064955,0.020913473330438137,0.021043908200226724,0.02117434307001531,0.0213047779398039,0.021435212809592485,0.021565647679381073,0.02169608254916966,0.021826517418958247,0.021956952288746834]}"
"2617","{""_type"":""histogram"",""values"":[33,0,0,0,0,0,0,0,0,0,0,0,0,0,0,0,0,0,0,0,0,0,17,0,0,0,0,0,0,0,0,4],""bins"":[0.01742689684033394,0.017542781482916325,0.017658666125498712,0.0177745507680811,0.017890435410663486,0.018006320053245872,0.01812220469582826,0.018238089338410646,0.018353973980993032,0.01846985862357542,0.018585743266157806,0.018701627908740193,0.01881751255132258,0.018933397193904966,0.019049281836487353,0.01916516647906974,0.019281051121652126,0.019396935764234513,0.0195128204068169,0.019628705049399287,0.019744589691981673,0.01986047433456406,0.019976358977146447,0.020092243619728833,0.02020812826231122,0.020324012904893607,0.020439897547475994,0.02055578219005838,0.020671666832640767,0.020787551475223154,0.02090343611780554,0.021019320760387927,0.021135205402970314]}"
"2651","{""_type"":""histogram"",""values"":[34,0,0,0,0,0,0,0,0,0,0,0,0,0,0,0,0,0,0,15,0,0,0,0,0,0,0,0,4,0,0,1],""bins"":[0.017498435452580452,0.017625220236368477,0.017752005020156503,0.017878789803944528,0.018005574587732553,0.01813235937152058,0.018259144155308604,0.01838592893909663,0.018512713722884655,0.01863949850667268,0.018766283290460706,0.01889306807424873,0.019019852858036757,0.019146637641824782,0.019273422425612807,0.019400207209400833,0.019526991993188858,0.019653776776976883,0.01978056156076491,0.019907346344552934,0.02003413112834096,0.020160915912128985,0.02028770069591701,0.020414485479705036,0.02054127026349306,0.020668055047281086,0.020794839831069112,0.020921624614857137,0.021048409398645163,0.021175194182433188,0.021301978966221213,0.02142876375000924,0.021555548533797264]}"
"2685","{""values"":[42,0,0,0,0,0,0,0,0,0,0,0,0,0,0,0,0,0,0,0,0,0,9,0,0,0,0,0,0,0,0,3],""_type"":""histogram"",""bins"":[0.017894554883241653,0.018008089798968285,0.018121624714694917,0.01823515963042155,0.01834869454614818,0.018462229461874813,0.018575764377601445,0.018689299293328077,0.01880283420905471,0.01891636912478134,0.019029904040507972,0.019143438956234604,0.019256973871961236,0.019370508787687868,0.0194840437034145,0.01959757861914113,0.019711113534867764,0.019824648450594395,0.019938183366321027,0.02005171828204766,0.02016525319777429,0.020278788113500923,0.020392323029227555,0.020505857944954187,0.02061939286068082,0.02073292777640745,0.020846462692134082,0.020959997607860714,0.021073532523587346,0.021187067439313978,0.02130060235504061,0.02141413727076724,0.021527672186493874]}"
"2719","{""values"":[39,0,0,0,0,0,0,0,0,0,0,0,0,0,0,0,0,0,0,0,0,0,14,0,0,0,0,0,0,0,0,1],""_type"":""histogram"",""bins"":[0.017749546095728874,0.017868656141217798,0.017987766186706722,0.018106876232195646,0.01822598627768457,0.018345096323173493,0.018464206368662417,0.01858331641415134,0.018702426459640265,0.01882153650512919,0.018940646550618112,0.019059756596107036,0.01917886664159596,0.019297976687084883,0.019417086732573807,0.01953619677806273,0.019655306823551655,0.01977441686904058,0.019893526914529502,0.020012636960018426,0.02013174700550735,0.020250857050996274,0.020369967096485198,0.02048907714197412,0.020608187187463045,0.02072729723295197,0.020846407278440893,0.020965517323929816,0.02108462736941874,0.021203737414907664,0.021322847460396588,0.02144195750588551,0.021561067551374435]}"
"2753","{""values"":[42,0,0,0,0,0,0,0,0,0,0,0,0,0,0,0,0,0,0,0,0,0,11,0,0,0,0,0,0,0,0,1],""_type"":""histogram"",""bins"":[0.017907874658703804,0.018028090766165406,0.018148306873627007,0.01826852298108861,0.01838873908855021,0.01850895519601181,0.018629171303473413,0.018749387410935014,0.018869603518396616,0.018989819625858217,0.01911003573331982,0.01923025184078142,0.019350467948243022,0.019470684055704623,0.019590900163166225,0.019711116270627826,0.019831332378089428,0.01995154848555103,0.02007176459301263,0.020191980700474232,0.020312196807935834,0.020432412915397435,0.020552629022859037,0.02067284513032064,0.02079306123778224,0.02091327734524384,0.021033493452705443,0.021153709560167044,0.021273925667628646,0.021394141775090247,0.02151435788255185,0.02163457399001345,0.021754790097475052]}"
"2787","{""_type"":""histogram"",""values"":[37,0,0,0,0,0,0,0,0,0,0,0,0,0,0,0,0,0,0,0,0,0,14,0,0,0,0,0,0,0,0,3],""bins"":[0.017608795315027237,0.017728988430462778,0.01784918154589832,0.01796937466133386,0.0180895677767694,0.01820976089220494,0.01832995400764048,0.01845014712307602,0.018570340238511562,0.018690533353947103,0.018810726469382644,0.018930919584818184,0.019051112700253725,0.019171305815689266,0.019291498931124806,0.019411692046560347,0.019531885161995888,0.01965207827743143,0.01977227139286697,0.01989246450830251,0.02001265762373805,0.02013285073917359,0.020253043854609132,0.020373236970044672,0.020493430085480213,0.020613623200915754,0.020733816316351295,0.020854009431786835,0.020974202547222376,0.021094395662657917,0.021214588778093457,0.021334781893528998,0.02145497500896454]}"
"2821","{""_type"":""histogram"",""values"":[37,0,0,0,0,0,0,0,0,0,0,0,0,0,0,0,0,0,0,0,0,11,0,0,0,0,0,0,0,0,0,6],""bins"":[0.017584115266799927,0.01770088286139071,0.017817650455981493,0.017934418050572276,0.01805118564516306,0.018167953239753842,0.018284720834344625,0.01840148842893541,0.01851825602352619,0.018635023618116975,0.018751791212707758,0.01886855880729854,0.018985326401889324,0.019102093996480107,0.01921886159107089,0.019335629185661674,0.019452396780252457,0.01956916437484324,0.019685931969434023,0.019802699564024806,0.01991946715861559,0.020036234753206372,0.020153002347797155,0.02026976994238794,0.02038653753697872,0.020503305131569505,0.020620072726160288,0.02073684032075107,0.020853607915341854,0.020970375509932637,0.02108714310452342,0.021203910699114203,0.021320678293704987]}"
"2855","{""values"":[43,0,0,0,0,0,0,0,0,0,0,0,0,0,0,0,0,0,0,0,0,0,9,0,0,0,0,0,0,0,0,2],""_type"":""histogram"",""bins"":[0.017950940877199173,0.018067282682750374,0.018183624488301575,0.018299966293852776,0.018416308099403977,0.01853264990495518,0.01864899171050638,0.01876533351605758,0.018881675321608782,0.018998017127159983,0.019114358932711184,0.019230700738262385,0.019347042543813586,0.019463384349364787,0.01957972615491599,0.01969606796046719,0.01981240976601839,0.019928751571569592,0.020045093377120793,0.020161435182671994,0.020277776988223195,0.020394118793774396,0.020510460599325597,0.0206268024048768,0.020743144210428,0.0208594860159792,0.0209758278215304,0.021092169627081603,0.021208511432632804,0.021324853238184005,0.021441195043735206,0.021557536849286407,0.02167387865483761]}"
"2889","{""values"":[31,0,0,0,0,0,0,0,0,0,0,0,0,0,0,0,0,0,0,0,0,0,20,0,0,0,0,0,0,0,0,3],""_type"":""histogram"",""bins"":[0.017327746376395226,0.017445254372432828,0.01756276236847043,0.017680270364508033,0.017797778360545635,0.017915286356583238,0.01803279435262084,0.018150302348658442,0.018267810344696045,0.018385318340733647,0.01850282633677125,0.018620334332808852,0.018737842328846455,0.018855350324884057,0.01897285832092166,0.019090366316959262,0.019207874312996864,0.019325382309034467,0.01944289030507207,0.01956039830110967,0.019677906297147274,0.019795414293184876,0.01991292228922248,0.02003043028526008,0.020147938281297684,0.020265446277335286,0.02038295427337289,0.02050046226941049,0.020617970265448093,0.020735478261485696,0.020852986257523298,0.0209704942535609,0.021088002249598503]}"
"2923","{""values"":[39,0,0,0,0,0,0,0,0,0,0,0,0,0,0,0,0,0,0,0,0,10,0,0,0,0,0,0,0,0,0,5],""_type"":""histogram"",""bins"":[0.017732100561261177,0.01784533163299784,0.017958562704734504,0.018071793776471168,0.01818502484820783,0.018298255919944495,0.01841148699168116,0.018524718063417822,0.018637949135154486,0.01875118020689115,0.018864411278627813,0.018977642350364476,0.01909087342210114,0.019204104493837804,0.019317335565574467,0.01943056663731113,0.019543797709047794,0.019657028780784458,0.01977025985252112,0.019883490924257785,0.01999672199599445,0.020109953067731112,0.020223184139467776,0.02033641521120444,0.020449646282941103,0.020562877354677767,0.02067610842641443,0.020789339498151094,0.020902570569887757,0.02101580164162442,0.021129032713361084,0.021242263785097748,0.02135549485683441]}"
"2957","{""_type"":""histogram"",""values"":[40,0,0,0,0,0,0,0,0,0,0,0,0,0,0,0,0,0,0,0,0,0,9,0,0,0,0,0,0,0,0,5],""bins"":[0.017736656591296196,0.017852704040706158,0.01796875149011612,0.01808479893952608,0.018200846388936043,0.018316893838346004,0.018432941287755966,0.018548988737165928,0.01866503618657589,0.01878108363598585,0.018897131085395813,0.019013178534805775,0.019129225984215736,0.019245273433625698,0.01936132088303566,0.01947736833244562,0.019593415781855583,0.019709463231265545,0.019825510680675507,0.01994155813008547,0.02005760557949543,0.02017365302890539,0.020289700478315353,0.020405747927725315,0.020521795377135277,0.02063784282654524,0.0207538902759552,0.020869937725365162,0.020985985174775124,0.021102032624185085,0.021218080073595047,0.02133412752300501,0.02145017497241497]}"
"2991","{""_type"":""histogram"",""values"":[45,0,0,0,0,0,0,0,0,0,0,0,0,0,0,0,0,0,0,0,0,0,8,0,0,0,0,0,0,0,0,1],""bins"":[0.01805347017943859,0.018173374875914305,0.01829327957239002,0.018413184268865734,0.01853308896534145,0.018652993661817163,0.018772898358292878,0.018892803054768592,0.019012707751244307,0.01913261244772002,0.019252517144195735,0.01937242184067145,0.019492326537147164,0.01961223123362288,0.019732135930098593,0.019852040626574308,0.019971945323050022,0.020091850019525737,0.02021175471600145,0.020331659412477165,0.02045156410895288,0.020571468805428594,0.02069137350190431,0.020811278198380023,0.020931182894855738,0.021051087591331452,0.021170992287807167,0.02129089698428288,0.021410801680758595,0.02153070637723431,0.021650611073710024,0.02177051577018574,0.021890420466661453]}"
"3025","{""values"":[39,0,0,0,0,0,0,0,0,0,0,0,0,0,0,0,0,0,0,0,0,0,0,0,0,0,0,0,0,0,0,15],""_type"":""histogram"",""bins"":[0.017750421538949013,0.017836833372712135,0.01792324334383011,0.01800965517759323,0.018096067011356354,0.018182476982474327,0.01826888881623745,0.018355300650000572,0.018441710621118546,0.018528122454881668,0.01861453428864479,0.018700944259762764,0.018787356093525887,0.01887376792728901,0.018960177898406982,0.019046589732170105,0.019133001565933228,0.0192194115370512,0.019305823370814323,0.019392233341932297,0.01947864517569542,0.019565057009458542,0.019651466980576515,0.019737878814339638,0.01982429064810276,0.019910700619220734,0.019997112452983856,0.02008352428674698,0.020169934257864952,0.020256346091628075,0.020342757925391197,0.02042916789650917,0.020515579730272293]}"
"3059","{""values"":[40,0,0,0,0,0,0,0,0,0,0,0,0,0,0,0,0,0,0,0,0,10,0,0,0,0,0,0,0,0,0,4],""_type"":""histogram"",""bins"":[0.01774396188557148,0.017864704655949026,0.017985447426326573,0.01810619019670412,0.018226932967081666,0.018347675737459213,0.01846841850783676,0.018589161278214306,0.018709904048591852,0.0188306468189694,0.018951389589346945,0.019072132359724492,0.01919287513010204,0.019313617900479585,0.01943436067085713,0.019555103441234678,0.019675846211612225,0.01979658898198977,0.019917331752367318,0.020038074522744864,0.02015881729312241,0.020279560063499957,0.020400302833877504,0.02052104560425505,0.020641788374632597,0.020762531145010144,0.02088327391538769,0.021004016685765237,0.021124759456142783,0.02124550222652033,0.021366244996897876,0.021486987767275423,0.02160773053765297]}"
"3093","{""values"":[39,0,0,0,0,0,0,0,0,0,0,0,0,0,0,0,0,0,0,10,0,0,0,0,0,0,0,0,4,0,0,1],""_type"":""histogram"",""bins"":[0.017670869827270508,0.01780568261165172,0.01794049539603293,0.01807530818041414,0.01821012096479535,0.018344933749176562,0.018479746533557773,0.018614559317938983,0.018749372102320194,0.018884184886701405,0.019018997671082616,0.019153810455463827,0.019288623239845037,0.019423436024226248,0.01955824880860746,0.01969306159298867,0.01982787437736988,0.01996268716175109,0.020097499946132302,0.020232312730513513,0.020367125514894724,0.020501938299275935,0.020636751083657146,0.020771563868038356,0.020906376652419567,0.021041189436800778,0.02117600222118199,0.0213108150055632,0.02144562778994441,0.02158044057432562,0.021715253358706832,0.021850066143088043,0.021984878927469254]}"
"3127","{""_type"":""histogram"",""values"":[32,0,0,0,0,0,0,0,0,0,0,0,0,0,0,0,0,0,17,0,0,0,0,0,0,0,3,0,0,0,1,1],""bins"":[0.01735723577439785,0.017493947700131685,0.01763065962586552,0.017767371551599354,0.017904083477333188,0.018040795403067023,0.018177507328800857,0.01831421925453469,0.018450931180268526,0.01858764310600236,0.018724355031736195,0.01886106695747003,0.018997778883203864,0.0191344908089377,0.019271202734671533,0.019407914660405368,0.019544626586139202,0.019681338511873037,0.01981805043760687,0.019954762363340706,0.02009147428907454,0.020228186214808375,0.02036489814054221,0.020501610066276044,0.020638321992009878,0.020775033917743713,0.020911745843477547,0.02104845776921138,0.021185169694945216,0.02132188162067905,0.021458593546412885,0.02159530547214672,0.021732017397880554]}"
"3161","{""_type"":""histogram"",""values"":[41,0,0,0,0,0,0,0,0,0,0,0,0,0,0,0,0,8,0,0,0,0,0,0,0,0,4,0,0,0,0,1],""bins"":[0.017805134877562523,0.01794229430379346,0.018079453730024397,0.018216613156255335,0.018353772582486272,0.01849093200871721,0.018628091434948146,0.018765250861179084,0.01890241028741002,0.019039569713640958,0.019176729139871895,0.019313888566102833,0.01945104799233377,0.019588207418564707,0.019725366844795644,0.01986252627102658,0.01999968569725752,0.020136845123488456,0.020274004549719393,0.02041116397595033,0.020548323402181268,0.020685482828412205,0.020822642254643142,0.02095980168087408,0.021096961107105017,0.021234120533335954,0.02137127995956689,0.02150843938579783,0.021645598812028766,0.021782758238259703,0.02191991766449064,0.022057077090721577,0.022194236516952515]}"